{"cameraMode":{"drawMode":0,"name":"Shaded","section":"Shading Mode"},"sceneLighting":true,"audioPlay":false,"sceneViewState":{"showFog":true,"showMaterialUpdate":false,"showSkybox":true,"showFlares":true,"showImageEffects":true,"showParticleSystems":true},"in2DMode":false,"pivot":{"x":0.006500244140625,"y":-0.3759765625,"z":0.5504150390625},"rotation":{"x":0.28722986578941347,"y":-0.11174457520246506,"z":0.03376014530658722,"w":0.9507220387458801},"size":2.854731321334839,"orthographic":true}