{"cameraMode":{"drawMode":0,"name":"Shaded","section":"Shading Mode"},"sceneLighting":false,"audioPlay":false,"sceneViewState":{"showFog":true,"showMaterialUpdate":false,"showSkybox":true,"showFlares":true,"showImageEffects":true,"showParticleSystems":true},"in2DMode":false,"pivot":{"x":0.0022620712406933309,"y":2.5331974029541018e-7,"z":0.000035490840673446655},"rotation":{"x":-0.0024747473653405906,"y":-0.9483187198638916,"z":0.3172236382961273,"w":-0.00739832129329443},"size":0.07008133083581925,"orthographic":false}