{"cameraMode":{"drawMode":0,"name":"Shaded","section":"Shading Mode"},"sceneLighting":false,"audioPlay":false,"sceneViewState":{"showFog":true,"showMaterialUpdate":false,"showSkybox":true,"showFlares":true,"showImageEffects":true,"showParticleSystems":true},"in2DMode":false,"pivot":{"x":-6.112529754638672,"y":4.186732292175293,"z":-14.744812965393067},"rotation":{"x":0.21442760527133943,"y":-0.4958607852458954,"z":0.12783478200435639,"w":0.8317459225654602},"size":0.05715898796916008,"orthographic":false}