{"cameraMode":{"drawMode":0,"name":"Shaded","section":"Shading Mode"},"sceneLighting":false,"audioPlay":false,"sceneViewState":{"showFog":true,"showMaterialUpdate":false,"showSkybox":true,"showFlares":true,"showImageEffects":true,"showParticleSystems":true},"in2DMode":false,"pivot":{"x":0.8050260543823242,"y":-0.8610862493515015,"z":-0.6471019983291626},"rotation":{"x":0.21442760527133943,"y":-0.4958607852458954,"z":0.12783478200435639,"w":0.8317459225654602},"size":0.5335108041763306,"orthographic":false}